round,contri
1,0.5
2,0.5228070175438596
3,1.0
4,0
5,0.3867711592535815
6,0.5236744686411268
7,0.4983953324206332
8,0.4739817134851775
9,0.5154850868155676
10,1.0
