round,contri
1,0.5000000000002373
2,0.48969889065011013
3,0.5021413121908399
4,0.4940707240586517
5,0.5077928620682627
6,0.5041012445977723
7,0.5121221889218155
