round,contri
1,0.4999999999993895
2,0.37843130100496974
3,0.6233166411000026
4,0.4424734713300604
5,0.27532085869494405
6,1.0
8,1.0
10,0.5114149547775519
