round,contri
1,0.49999999999997424
2,0.49410698096097744
3,0.5010623205294448
4,0.4963435106592612
5,0.5052273114022929
6,0.4960724690009295
7,0.4902815776470394
8,0.5107957579515726
9,0.49463437022192347
