round,contri
1,0.5000000000000258
2,0.5058930190390225
3,0.4989376794705553
4,0.5036564893407389
5,0.494772688597707
6,0.5039275309990706
7,0.5097184223529607
8,0.4892042420484275
9,0.5053656297780765
