round,contri
1,0.5000000000000566
2,0.49519230769238987
3,0.5071217629910821
4,0.4776383543750481
5,0.5056234747921258
