round,contri
1,0.4999999999997628
2,0.5103011093498899
3,0.49785868780916004
4,0.5059292759413482
5,0.4922071379317373
6,0.49589875540222766
7,0.4878778110781845
