round,contri

2,2.659574468056813

3,24.72724064890693

4,7.243872875056485

5,11.522509484894957

7,14.439182358631768

8,19.05938102141881

10,19.236742381828545

