round,contri
1,0.99999999999
2,12.436363636148828
3,8.329447541823694
5,9.500338451720935
6,16.09992476656752
7,9.598601251619131
8,15.493357415504152
9,16.345700617423553
10,13.816329119348168
