round,contri
1,0.5
2,0.47719298245614034
3,0
4,1.0
5,0.6132288407464186
6,0.47632553135887323
7,0.5016046675793667
8,0.5260182865148225
9,0.48451491318443235
10,0
