round,contri
1,0.5000000000006105
2,0.6215686989950302
3,0.3766833588999973
4,0.5575265286699396
5,0.7246791413050558
7,1.0
9,1.0
10,0.48858504522244806
