round,contri

1,0.499999999999972

2,0.3795775447014385

3,0.7092499199114984

4,0.7213793485500316

5,0.4098928109764765

6,1.0

7,0.1500275360785421

8,0.4862470599595775

9,1.0

10,0.21714980602964737

