round,contri
1,0.4999999999999434
2,0.5048076923076102
3,0.49287823700891775
4,0.5223616456249519
5,0.4943765252078742
