round,contri
1,0.5000000000001132
2,0.25664532522869465
3,0.6901030645993037
4,0.5684381325418341
5,0.5095115584219244
6,0.5805673591469631
7,0.2642030424615869
8,0.7428588679468879
9,1.0
