round,contri
1,5
2,0.2029931621079778
3,0.04454265226900589
4,0.9990893160225548
5,0.7886967770841546
6,0.3337132095648777
7,0.96896737878377
8,0.8381022454596923
9,0.6503289129501489
